district,year,actual,fe_trend,lo,hi,naive_last,naive_mean3,covariate_glm
Beaufort,2017,113,88.4,68.0,110.0,112.7,91.2,101.9
Beaufort,2018,114,90.1,70.0,112.0,114.1,92.4,104.3
Beluran,2017,78,103.9,81.0,129.0,117.5,104.2,138.1
Beluran,2018,78,104.6,82.0,131.0,117.5,104.1,139.6
Keningau,2017,316,250.5,207.0,298.0,245.6,245.6,242.0
Keningau,2018,242,247.9,204.0,299.0,241.5,241.5,240.6
Kinabatangan,2017,106,107.7,85.0,134.0,105.8,105.8,166.1
Kinabatangan,2018,89,107.9,83.0,133.0,105.3,105.3,167.2
Kota Belud,2017,159,162.5,132.0,200.0,159.2,159.2,174.5
Kota Belud,2018,115,165.8,133.0,201.0,161.4,161.4,178.9
Kota Kinabalu,2017,972,771.1,650.0,902.0,755.9,755.9,901.7
Kota Kinabalu,2018,904,782.2,658.0,920.0,761.7,761.7,918.9
Kota Marudu,2017,137,133.9,107.0,165.0,137.4,137.4,127.0
Kota Marudu,2018,138,135.0,108.0,165.0,137.6,137.6,128.7
Kuala Penyu,2017,35,20.1,12.0,29.0,24.8,19.1,32.2
Kuala Penyu,2018,17,20.6,13.0,30.0,25.2,19.5,33.2
Kudat,2017,95,120.2,95.0,148.0,133.1,107.7,129.9
Kudat,2018,95,121.1,95.0,149.0,133.2,107.8,131.6
Kunak,2017,104,87.8,67.0,110.0,103.7,83.9,85.4
Kunak,2018,75,89.2,69.0,112.0,104.6,84.7,87.2
Lahad Datu,2017,344,350.6,293.0,416.0,343.8,343.8,275.4
Lahad Datu,2018,347,356.5,296.0,421.0,347.2,347.2,281.3
Nabawan,2017,59,49.2,36.0,64.0,45.6,45.6,37.6
Nabawan,2018,45,48.9,35.0,65.0,45.0,45.0,37.5
Papar,2017,223,240.1,197.0,288.0,286.1,243.7,212.1
Papar,2018,161,245.4,198.0,292.0,290.5,247.5,217.8
Penampang,2017,234,225.0,185.0,269.0,233.8,233.8,250.5
Penampang,2018,239,232.0,188.0,279.0,239.4,239.4,259.4
Pitas,2017,74,62.2,46.0,81.0,74.1,63.1,63.7
Pitas,2018,93,62.3,46.0,80.0,73.7,62.8,64.1
Putatan,2017,100,124.0,99.0,154.0,100.3,118.2,124.7
Putatan,2018,102,127.3,102.0,156.0,102.3,120.6,128.6
Ranau,2017,136,123.4,96.0,151.0,136.4,110.5,126.8
Ranau,2018,135,122.7,96.0,152.0,134.8,109.1,126.7
Sandakan,2017,475,600.7,508.0,702.0,474.7,538.0,681.8
Sandakan,2018,478,608.9,512.9,719.0,478.0,541.7,694.4
Semporna,2017,375,345.0,287.0,410.0,374.9,334.2,229.2
Semporna,2018,405,353.6,295.0,420.0,381.7,340.3,236.0
Sipitang,2017,57,52.1,37.0,68.0,57.5,52.0,45.5
Sipitang,2018,41,52.7,38.0,69.0,57.8,52.3,46.3
Tambunan,2017,51,46.0,33.0,61.0,51.0,46.1,42.1
Tambunan,2018,50,45.6,32.0,60.0,50.2,45.5,41.9
Tawau,2017,462,471.1,396.0,557.0,461.7,461.7,582.4
Tawau,2018,463,475.1,399.0,560.0,462.6,462.6,590.2
Tenom,2017,58,69.0,52.0,89.0,81.8,74.0,69.3
Tenom,2018,58,68.7,52.0,87.0,80.9,73.2,69.4
Tongod,2017,45,43.5,31.0,58.0,45.0,51.0,55.9
Tongod,2018,24,44.4,31.0,59.0,45.7,51.8,57.5
Tuaran,2017,252,256.4,212.0,306.0,251.5,251.5,215.0
Tuaran,2018,258,264.3,216.0,316.0,257.5,257.5,222.6
