district,year,forecast,forecast_lo,forecast_hi,population
Beaufort,2019,97.3,68.0,135.0,82544.9
Beluran,2019,95.8,65.0,132.0,117431.9
Keningau,2019,248.8,175.0,331.0,169546.6
Kinabatangan,2019,103.1,73.0,141.0,158758.0
Kota Belud,2019,158.0,110.0,211.0,116818.1
Kota Kinabalu,2019,825.3,588.0,1094.1,548211.7
Kota Marudu,2019,134.5,91.0,180.0,76605.1
Kuala Penyu,2019,22.5,13.0,34.0,25696.9
Kudat,2019,112.4,79.0,152.0,95265.0
Kunak,2019,89.2,61.0,122.0,75374.4
Lahad Datu,2019,353.2,250.0,471.0,250456.0
Nabawan,2019,48.4,32.0,70.0,31728.0
Papar,2019,231.1,162.0,308.0,163846.3
Penampang,2019,236.9,169.0,318.0,174999.9
Pitas,2019,67.1,45.0,94.0,40696.1
Putatan,2019,120.8,84.0,162.0,74522.3
Ranau,2019,123.1,86.0,167.0,95088.6
Sandakan,2019,568.0,413.0,758.0,481296.4
Semporna,2019,367.6,260.0,488.0,180702.7
Sipitang,2019,51.4,34.0,73.0,41524.9
Tambunan,2019,45.7,29.0,65.0,35370.6
Tawau,2019,467.2,336.0,622.0,463543.9
Tenom,2019,64.2,43.0,90.0,57235.9
Tongod,2019,41.7,27.0,60.0,46454.0
Tuaran,2019,265.5,189.0,357.0,146405.4
