district,method,population,notified_latest,expected_good_access,detection_gap,gap_lo,gap_hi,gap_rate_per_100k,forecast_next_year,forecast_lo,forecast_hi,priority_rank,priority_score,assumed_detection
Beaufort,glm,81517,112.667,107.845,0.0,0.0,9.707,0.0,97.326,68.0,135.0,15,,
Beluran,glm,117461,91.333,147.204,55.87,26.896,88.666,47.565,95.759,65.0,132.0,3,,
Keningau,glm,172506,269.333,238.823,0.0,0.0,0.0,0.0,248.815,175.0,331.0,16,,
Kinabatangan,glm,159555,100.333,170.277,69.944,32.217,110.09,43.837,103.122,73.0,141.0,4,,
Kota Belud,glm,115266,143.667,190.63,46.963,11.136,85.471,40.743,157.955,110.0,211.0,5,,
Kota Kinabalu,glm,544077,875.333,884.655,9.322,0.0,110.314,1.713,825.312,588.0,1094.1,14,,
Kota Marudu,glm,76469,137.333,148.869,11.535,0.0,62.44,15.085,134.482,91.0,180.05,10,,
Kuala Penyu,glm,25224,25.333,35.596,10.262,5.03,15.666,40.684,22.506,13.0,34.0,6,,
Kudat,glm,95154,107.667,158.033,50.366,19.857,82.5,52.931,112.378,79.0,152.0,2,,
Kunak,glm,74708,94.0,87.478,0.0,0.0,9.218,0.0,89.192,61.0,122.0,17,,
Lahad Datu,glm,247997,343.667,266.514,0.0,0.0,0.0,0.0,353.215,249.95,471.0,18,,
Nabawan,glm,32165,50.0,40.46,0.0,0.0,0.671,0.0,48.417,32.0,70.0,19,,
Papar,glm,161392,222.0,217.068,0.0,0.0,11.486,0.0,231.074,161.95,308.0,20,,
Penampang,glm,170997,233.667,249.379,15.713,0.0,38.046,9.189,236.911,168.95,318.0,12,,
Pitas,glm,40929,80.667,80.122,0.0,0.0,29.11,0.0,67.15,45.0,94.0,21,,
Putatan,glm,73093,100.0,123.263,23.263,9.595,37.538,31.827,120.769,84.0,162.0,8,,
Ranau,glm,96272,136.333,139.589,3.256,0.0,31.773,3.382,123.139,86.0,167.0,13,,
Sandakan,glm,477986,474.667,668.432,193.765,141.023,246.369,40.538,568.028,413.0,758.0,7,,
Semporna,glm,177533,382.667,246.458,0.0,0.0,0.0,0.0,367.59,260.0,488.0,22,,
Sipitang,glm,41297,51.667,50.452,0.0,0.0,7.52,0.0,51.351,34.0,73.0,23,,
Tambunan,glm,35892,51.0,44.686,0.0,0.0,0.0,0.0,45.689,29.0,65.0,24,,
Tawau,glm,462613,462.0,567.44,105.44,55.348,156.494,22.792,467.152,335.95,622.05,9,,
Tenom,glm,57817,66.333,72.061,5.727,0.0,15.001,9.906,64.182,43.0,90.0,11,,
Tongod,glm,45731,37.667,64.819,27.152,6.815,51.015,59.374,41.746,27.0,60.0,1,,
Tuaran,glm,143069,252.0,221.757,0.0,0.0,2.015,0.0,265.519,189.0,357.0,25,,
Beaufort,index,81517,112.667,139.469,26.803,24.741,33.393,32.88,97.326,68.0,135.0,17,-0.988,0.8
Beluran,index,117461,91.333,184.023,92.69,83.183,97.734,78.911,95.759,65.0,132.0,3,3.363,0.625
Keningau,index,172506,269.333,298.092,28.759,25.209,36.169,16.671,248.815,175.0,331.0,24,-2.771,0.888
Kinabatangan,index,159555,100.333,240.23,139.896,119.323,139.896,87.679,103.122,73.0,141.0,1,4.362,0.6
Kota Belud,index,115266,143.667,194.199,50.532,40.907,64.97,43.84,157.955,110.0,211.0,13,-0.304,0.75
Kota Kinabalu,index,544077,875.333,989.409,114.075,90.705,138.841,20.967,825.312,588.0,1094.1,22,-2.417,0.862
Kota Marudu,index,76469,137.333,185.756,48.423,29.198,51.234,63.324,134.482,91.0,180.05,7,1.076,0.675
Kuala Penyu,index,25224,25.333,37.917,12.583,8.952,15.973,49.886,22.506,13.0,34.0,11,-0.111,0.725
Kudat,index,95154,107.667,178.828,71.161,63.753,79.174,74.785,112.378,79.0,152.0,4,3.236,0.638
Kunak,index,74708,94.0,146.907,52.907,44.661,55.87,70.818,89.192,61.0,122.0,5,1.878,0.65
Lahad Datu,index,247997,343.667,491.922,148.256,88.012,166.158,59.781,353.215,249.95,471.0,8,0.392,0.688
Nabawan,index,32165,50.0,58.208,8.208,6.744,12.282,25.519,48.417,32.0,70.0,20,-1.581,0.838
Papar,index,161392,222.0,270.983,48.983,45.025,66.114,30.35,231.074,161.95,308.0,18,-1.138,0.812
Penampang,index,170997,233.667,258.655,24.988,24.988,35.853,14.613,236.911,168.95,318.0,25,-3.099,0.9
Pitas,index,40929,80.667,108.089,27.422,16.766,32.473,67.0,67.15,45.0,94.0,6,1.788,0.662
Putatan,index,73093,100.0,120.391,20.391,16.964,32.044,27.898,120.769,84.0,162.0,19,-1.39,0.825
Ranau,index,96272,136.333,173.093,36.759,26.858,48.027,38.183,123.139,86.0,167.0,15,-0.712,0.775
Sandakan,index,477986,474.667,728.329,253.662,182.509,304.436,53.069,568.028,413.0,758.0,10,-0.002,0.712
Semporna,index,177533,382.667,465.773,83.106,45.304,112.421,46.812,367.59,260.0,488.0,12,-0.205,0.738
Sipitang,index,41297,51.667,74.944,23.277,19.332,26.151,56.365,51.351,34.0,73.0,9,0.299,0.7
Tambunan,index,35892,51.0,57.744,6.744,5.245,9.159,18.788,45.689,29.0,65.0,23,-2.658,0.875
Tawau,index,462613,462.0,651.509,189.509,140.405,276.556,40.965,467.152,335.95,622.05,14,-0.33,0.762
Tenom,index,57817,66.333,86.852,20.519,16.13,27.065,35.489,64.182,43.0,90.0,16,-0.98,0.788
Tongod,index,45731,37.667,75.717,38.051,36.087,40.097,83.206,41.746,27.0,60.0,2,4.288,0.612
Tuaran,index,143069,252.0,285.205,33.205,26.88,43.422,23.209,265.519,189.0,357.0,21,-1.994,0.85
