geo_name,split_from,pop_census_2010,pop_census_2020
Beaufort,,66406,75716
Beluran,,77318,77125
Kalabakan,Tawau,47229,48195
Keningau,,177735,150927
Kinabatangan,,150327,143112
Kota Belud,,93180,107243
Kota Kinabalu,,462963,500421
Kota Marudu,,68289,69528
Kuala Penyu,,19426,23710
Kudat,,85404,86410
Kunak,,62851,68893
Lahad Datu,,206861,229138
Nabawan / Persiangan,,32309,28349
Papar,,128434,150667
Penampang,,125913,162174
Pitas,,38764,36660
Putatan,Penampang,55864,68811
Ranau,,95800,85077
Sandakan,,409056,439050
Semporna,,137868,166587
Sipitang,,35764,37828
Tambunan,,36297,31573
Tawau,,365146,372615
Telupid,Beluran,29314,29241
Tenom,,56597,51328
Tongod,,36192,42742
Tuaran,,105435,135665
