geo_name,paper_name,canonical_name,paper_id,note
Beaufort,Beaufort,Beaufort,1,
Beluran,Beluran,Beluran,2,
Telupid,Beluran,Beluran,2,Telupid was gazetted from Beluran district; dissolved into parent to match the paper's 25 districts
Keningau,Keningau,Keningau,3,
Kinabatangan,Kinabatangan,Kinabatangan,4,
Kota Belud,Kota Belud,Kota Belud,5,
Kota Kinabalu,Kota Kinabalu,Kota Kinabalu,6,
Kota Marudu,Kota Marudu,Kota Marudu,7,
Kuala Penyu,Kuala Penyu,Kuala Penyu,8,
Kudat,Kudat,Kudat,9,
Kunak,Kunak,Kunak,10,
Lahad Datu,Lahad Datu,Lahad Datu,11,
Nabawan / Persiangan,Nabawan,Nabawan,12,
Papar,Papar,Papar,13,
Penampang,Penampang,Penampang,14,
Pitas,Pitas,Pitas,15,
Putatan,Putatan,Putatan,16,
Ranau,Ranau,Ranau,17,
Sandakan,Sandakan,Sandakan,18,
Semporna,Semporna,Semporna,19,
Sipitang,Sipitang,Sipitang,20,
Tambunan,Tambunan,Tambunan,21,
Tawau,Tawau,Tawau,22,
Kalabakan,Tawau,Tawau,22,Kalabakan was gazetted from Tawau district; dissolved into parent to match the paper's 25 districts
Tenom,Tenom,Tenom,23,
Tongod,Tongod,Tongod,24,
Tuaran,Tuaran,Tuaran,25,
