date,state,district,income_mean,income_median,expenditure_mean,gini,poverty
2022-01-01,Johor,Batu Pahat,7419,6347,4570,0.338,5.1
2024-01-01,Johor,Batu Pahat,9006,7555,5153,0.316,2.4
2022-01-01,Johor,Johor Bahru,9869,8232,6139,0.358,3.7
2024-01-01,Johor,Johor Bahru,10975,8977,6764,0.35,1.9
2022-01-01,Johor,Kluang,6461,5204,4399,0.354,7.2
2024-01-01,Johor,Kluang,6616,6158,4748,0.292,5.7
2022-01-01,Johor,Kota Tinggi,7529,6227,4498,0.343,5.0
2024-01-01,Johor,Kota Tinggi,8106,6284,4949,0.379,4.2
2022-01-01,Johor,Mersing,5426,4445,4032,0.339,12.7
2024-01-01,Johor,Mersing,6014,5335,4274,0.263,6.7
2022-01-01,Johor,Muar,7572,5724,4740,0.394,6.1
2024-01-01,Johor,Muar,8401,7334,5541,0.306,2.1
2022-01-01,Johor,Pontian,6913,5616,4535,0.361,5.1
2024-01-01,Johor,Pontian,7011,5685,4856,0.341,2.0
2022-01-01,Johor,Segamat,6578,5318,4426,0.34,7.4
2024-01-01,Johor,Segamat,7348,6451,4870,0.292,3.1
2022-01-01,Johor,Kulai,9177,7460,5646,0.337,0.4
2024-01-01,Johor,Kulai,10296,8406,6254,0.319,0.1
2022-01-01,Johor,Tangkak,7093,5622,4198,0.371,6.9
2024-01-01,Johor,Tangkak,7524,6374,4673,0.306,4.0
2022-01-01,Kedah,Baling,4263,3400,2732,0.347,14.4
2024-01-01,Kedah,Baling,4345,3367,3041,0.324,14.7
2022-01-01,Kedah,Bandar Baharu,4565,3922,2751,0.291,3.9
2024-01-01,Kedah,Bandar Baharu,4835,4310,3006,0.339,5.8
2022-01-01,Kedah,Kota Setar,5959,4751,4253,0.348,5.1
2024-01-01,Kedah,Kota Setar,6034,5208,4495,0.328,5.5
2022-01-01,Kedah,Kuala Muda,5624,4200,3840,0.404,13.8
2024-01-01,Kedah,Kuala Muda,5729,4953,3869,0.333,11.8
2022-01-01,Kedah,Kubang Pasu,6221,5201,4062,0.325,3.3
2024-01-01,Kedah,Kubang Pasu,6313,5312,4478,0.317,4.0
2022-01-01,Kedah,Kulim,5636,4498,3647,0.359,11.4
2024-01-01,Kedah,Kulim,6395,5236,4054,0.349,8.5
2022-01-01,Kedah,Langkawi,6087,5250,3680,0.302,5.7
2024-01-01,Kedah,Langkawi,6278,5083,4356,0.335,6.0
2022-01-01,Kedah,Padang Terap,4858,3902,3751,0.323,8.9
2024-01-01,Kedah,Padang Terap,5062,3954,3872,0.292,8.0
2022-01-01,Kedah,Sik,5053,3703,3530,0.333,4.0
2024-01-01,Kedah,Sik,5107,4438,3675,0.325,8.7
2022-01-01,Kedah,Yan,4637,4080,3339,0.291,6.0
2024-01-01,Kedah,Yan,5272,4695,3859,0.293,7.4
2022-01-01,Kedah,Pendang,4986,3801,3562,0.349,7.3
2024-01-01,Kedah,Pendang,5464,4592,3914,0.347,7.3
2022-01-01,Kedah,Pokok Sena,5494,4668,4033,0.31,7.2
2024-01-01,Kedah,Pokok Sena,5736,5163,4257,0.27,7.2
2022-01-01,Kelantan,Bachok,4811,3625,3282,0.374,12.1
2024-01-01,Kelantan,Bachok,5149,4187,3579,0.349,11.3
2022-01-01,Kelantan,Kota Bharu,5693,4330,3886,0.384,10.5
2024-01-01,Kelantan,Kota Bharu,6180,4729,4329,0.361,9.9
2022-01-01,Kelantan,Machang,4987,3429,3267,0.414,12.0
2024-01-01,Kelantan,Machang,5237,4156,3411,0.331,7.3
2022-01-01,Kelantan,Pasir Mas,4602,3508,3225,0.362,9.0
2024-01-01,Kelantan,Pasir Mas,4975,3591,3581,0.365,8.6
2022-01-01,Kelantan,Pasir Puteh,4712,3453,3525,0.378,15.9
2024-01-01,Kelantan,Pasir Puteh,5070,4853,3749,0.302,11.1
2022-01-01,Kelantan,Tanah Merah,4177,2991,3247,0.377,17.9
2024-01-01,Kelantan,Tanah Merah,4922,3638,3632,0.363,14.9
2022-01-01,Kelantan,Tumpat,4741,3749,3831,0.367,13.5
2024-01-01,Kelantan,Tumpat,4991,3904,4181,0.334,12.7
2022-01-01,Kelantan,Gua Musang,4473,3342,3625,0.36,18.5
2024-01-01,Kelantan,Gua Musang,4684,3871,3726,0.302,16.3
2022-01-01,Kelantan,Kuala Krai,3798,2763,2853,0.399,22.4
2024-01-01,Kelantan,Kuala Krai,3872,2994,2863,0.342,20.2
2022-01-01,Kelantan,Jeli,3735,2906,2746,0.35,11.3
2024-01-01,Kelantan,Jeli,3829,3008,3062,0.315,10.1
2022-01-01,Kelantan,Kecil Lojing,3153,2630,2720,0.365,43.8
2024-01-01,Kelantan,Kecil Lojing,3511,3385,2953,0.218,20.0
2022-01-01,Melaka,Alor Gajah,7235,5611,5338,0.343,4.8
2024-01-01,Melaka,Alor Gajah,7855,6308,5745,0.327,4.5
2022-01-01,Melaka,Jasin,7145,5895,5005,0.332,5.5
2024-01-01,Melaka,Jasin,7755,6401,5654,0.298,1.1
2022-01-01,Melaka,Melaka Tengah,8593,6557,6015,0.383,3.7
2024-01-01,Melaka,Melaka Tengah,9232,7415,6527,0.373,2.8
2022-01-01,Negeri Sembilan,Jelebu,4445,3636,3457,0.326,7.3
2024-01-01,Negeri Sembilan,Jelebu,4664,3713,3811,0.313,6.4
2022-01-01,Negeri Sembilan,Kuala Pilah,4509,3471,3567,0.346,6.8
2024-01-01,Negeri Sembilan,Kuala Pilah,4888,3996,3809,0.324,6.2
2022-01-01,Negeri Sembilan,Port Dickson,6054,4805,4500,0.345,4.9
2024-01-01,Negeri Sembilan,Port Dickson,6280,5342,4709,0.324,4.4
2022-01-01,Negeri Sembilan,Rembau,5544,4655,3897,0.344,3.0
2024-01-01,Negeri Sembilan,Rembau,5723,4894,4226,0.339,2.6
2022-01-01,Negeri Sembilan,Seremban,7900,6384,5225,0.354,3.0
2024-01-01,Negeri Sembilan,Seremban,8395,6472,5686,0.368,2.8
2022-01-01,Negeri Sembilan,Tampin,5097,4012,3750,0.347,7.3
2024-01-01,Negeri Sembilan,Tampin,5715,4367,4238,0.349,7.0
2022-01-01,Negeri Sembilan,Jempol,4848,3830,3608,0.331,8.0
2024-01-01,Negeri Sembilan,Jempol,5777,4291,4113,0.364,7.1
2022-01-01,Pahang,Bentong,5563,4691,4386,0.244,2.8
2024-01-01,Pahang,Bentong,6278,5015,4631,0.286,2.0
2022-01-01,Pahang,Cameron Highlands,6265,5221,4229,0.272,1.9
2024-01-01,Pahang,Cameron Highlands,6895,5655,4672,0.294,5.0
2022-01-01,Pahang,Jerantut,4537,3781,3326,0.29,8.6
2024-01-01,Pahang,Jerantut,5220,4231,3732,0.319,8.8
2022-01-01,Pahang,Kuantan,6938,5926,4724,0.306,4.1
2024-01-01,Pahang,Kuantan,7008,5520,4969,0.332,3.7
2022-01-01,Pahang,Lipis,4959,4115,4016,0.28,9.2
2024-01-01,Pahang,Lipis,5276,4611,4278,0.237,9.2
2022-01-01,Pahang,Pekan,4780,4053,3429,0.303,11.6
2024-01-01,Pahang,Pekan,5098,4344,3799,0.277,10.9
2022-01-01,Pahang,Raub,5445,4375,4247,0.257,2.3
2024-01-01,Pahang,Raub,5940,4427,4675,0.335,3.4
2022-01-01,Pahang,Temerloh,5180,4283,3580,0.291,6.6
2024-01-01,Pahang,Temerloh,5521,4595,3684,0.319,6.2
2022-01-01,Pahang,Rompin,5103,4148,3695,0.329,12.0
2024-01-01,Pahang,Rompin,5429,4760,3966,0.279,8.2
2022-01-01,Pahang,Maran,5036,4319,3586,0.288,8.8
2024-01-01,Pahang,Maran,5088,4470,3764,0.257,7.9
2022-01-01,Pahang,Bera,4567,3866,3453,0.256,8.5
2024-01-01,Pahang,Bera,4997,4269,3548,0.361,9.0
2022-01-01,Pulau Pinang,Seberang Perai Tengah,8056,6220,5008,0.377,2.4
2022-01-01,Pulau Pinang,Seberang Perai Utara,7330,6103,4432,0.35,3.7
2022-01-01,Pulau Pinang,Seberang Perai Selatan,7472,6231,4665,0.36,3.1
2022-01-01,Pulau Pinang,Timur Laut,8727,6714,5890,0.38,0.7
2024-01-01,Pulau Pinang,Timur Laut,9993,7745,6416,0.398,0.4
2022-01-01,Pulau Pinang,Barat Daya,9254,7247,6003,0.357,1.4
2024-01-01,Pulau Pinang,Barat Daya,10231,8919,6222,0.368,0.4
2022-01-01,Perak,Batang Padang,5178,3953,3710,0.37,13.3
2024-01-01,Perak,Batang Padang,5433,4339,3722,0.354,11.5
2022-01-01,Perak,Manjung,6318,5135,3912,0.354,3.8
2024-01-01,Perak,Manjung,6612,5380,4387,0.346,3.9
2022-01-01,Perak,Kinta,6308,5037,4383,0.358,3.8
2024-01-01,Perak,Kinta,6758,5136,4648,0.391,3.8
2022-01-01,Perak,Kerian,5276,3996,3615,0.364,8.7
2024-01-01,Perak,Kerian,5590,4554,3807,0.305,7.3
2022-01-01,Perak,Kuala Kangsar,5176,3813,3488,0.391,13.0
2024-01-01,Perak,Kuala Kangsar,5489,3977,4005,0.357,11.3
2022-01-01,Perak,Larut Dan Matang,5400,4029,3798,0.365,9.2
2022-01-01,Perak,Hilir Perak,5203,4199,3386,0.39,14.8
2024-01-01,Perak,Hilir Perak,5599,4347,3711,0.36,12.3
2022-01-01,Perak,Hulu Perak,4891,3467,2889,0.399,16.3
2024-01-01,Perak,Hulu Perak,4980,3701,3270,0.331,13.3
2022-01-01,Perak,Perak Tengah,5956,4564,3744,0.391,11.1
2024-01-01,Perak,Perak Tengah,6027,4685,3956,0.354,10.2
2022-01-01,Perak,Kampar,5087,4347,3276,0.306,4.7
2024-01-01,Perak,Kampar,5608,4538,3753,0.37,4.5
2022-01-01,Perak,Muallim,6122,5015,4374,0.359,9.2
2024-01-01,Perak,Muallim,6229,4856,4517,0.35,7.7
2022-01-01,Perak,Bagan Datuk,5160,4076,3150,0.361,12.4
2024-01-01,Perak,Bagan Datuk,5326,4134,3543,0.361,11.5
2022-01-01,Perak,Selama,4439,3673,3150,0.299,5.3
2024-01-01,Perak,Selama,5019,3827,3779,0.337,10.4
2022-01-01,Perlis,Perlis,5664,4713,3834,0.336,4.0
2022-01-01,Selangor,Gombak,13523,10180,6673,0.392,2.4
2024-01-01,Selangor,Gombak,14168,10777,7326,0.366,2.1
2022-01-01,Selangor,Klang,10278,8203,6622,0.347,2.2
2024-01-01,Selangor,Klang,10912,8837,6927,0.299,1.0
2022-01-01,Selangor,Kuala Langat,11048,10093,5621,0.277,0.3
2024-01-01,Selangor,Kuala Langat,11714,10583,6123,0.16,0.3
2022-01-01,Selangor,Kuala Selangor,9410,7644,5543,0.346,2.8
2024-01-01,Selangor,Kuala Selangor,10584,8046,5974,0.35,1.8
2022-01-01,Selangor,Petaling,12760,9618,7721,0.392,1.6
2024-01-01,Selangor,Petaling,14422,10688,8210,0.387,1.0
2022-01-01,Selangor,Sabak Bernam,6930,5533,5128,0.321,5.3
2024-01-01,Selangor,Sabak Bernam,8033,6941,5621,0.268,2.7
2022-01-01,Selangor,Sepang,13673,12608,6976,0.229,0.0
2024-01-01,Selangor,Sepang,15906,11131,7676,0.332,0.1
2022-01-01,Selangor,Ulu Langat,13386,11210,6289,0.326,0.5
2024-01-01,Selangor,Ulu Langat,13822,11404,6758,0.219,0.1
2022-01-01,Selangor,Ulu Selangor,8779,7678,4604,0.297,1.7
2024-01-01,Selangor,Ulu Selangor,9499,8485,5425,0.299,0.4
2022-01-01,Terengganu,Besut,6285,4743,4191,0.33,12.7
2024-01-01,Terengganu,Besut,6747,5820,4339,0.311,13.1
2022-01-01,Terengganu,Dungun,7902,6356,5215,0.308,2.2
2024-01-01,Terengganu,Dungun,8055,7156,5833,0.308,4.4
2022-01-01,Terengganu,Kemaman,8381,6425,4978,0.378,4.1
2024-01-01,Terengganu,Kemaman,8973,7709,5644,0.319,3.5
2022-01-01,Terengganu,Kuala Terengganu,7109,5872,4881,0.3,5.9
2024-01-01,Terengganu,Kuala Terengganu,7279,6615,5264,0.267,4.2
2022-01-01,Terengganu,Marang,6357,5291,4675,0.325,9.0
2024-01-01,Terengganu,Marang,6807,6246,5141,0.281,7.3
2022-01-01,Terengganu,Hulu Terengganu,5821,5090,4332,0.293,10.8
2022-01-01,Terengganu,Setiu,6030,5211,4017,0.275,7.5
2024-01-01,Terengganu,Setiu,6359,6125,4314,0.214,4.7
2022-01-01,Terengganu,Kuala Nerus,7983,6800,5224,0.273,1.9
2024-01-01,Terengganu,Kuala Nerus,8385,7304,5498,0.282,1.6
2022-01-01,Sabah,Tawau,6315,4783,3118,0.388,14.4
2024-01-01,Sabah,Tawau,6751,4852,3182,0.389,13.2
2022-01-01,Sabah,Lahad Datu,5995,4457,3346,0.388,23.5
2024-01-01,Sabah,Lahad Datu,6557,5526,3571,0.286,13.6
2022-01-01,Sabah,Semporna,5098,4093,2466,0.341,28.0
2024-01-01,Sabah,Semporna,5604,4059,2567,0.411,30.4
2022-01-01,Sabah,Sandakan,6030,4828,3315,0.347,17.7
2024-01-01,Sabah,Sandakan,6648,5314,3677,0.355,15.2
2022-01-01,Sabah,Kinabatangan,5543,4162,2394,0.392,28.9
2024-01-01,Sabah,Kinabatangan,5632,4897,2482,0.308,26.7
2022-01-01,Sabah,Beluran,4501,3131,2301,0.399,37.7
2024-01-01,Sabah,Beluran,4993,4436,2750,0.314,33.0
2022-01-01,Sabah,Kota Kinabalu,8388,5957,4427,0.431,10.3
2024-01-01,Sabah,Kota Kinabalu,8715,5896,4726,0.426,12.0
2022-01-01,Sabah,Ranau,5270,4058,2894,0.375,25.4
2024-01-01,Sabah,Ranau,5330,3470,2905,0.441,23.5
2022-01-01,Sabah,Kota Belud,4949,3429,2791,0.425,27.8
2024-01-01,Sabah,Kota Belud,5007,3512,2920,0.361,26.1
2022-01-01,Sabah,Tuaran,5166,3921,3133,0.366,25.8
2024-01-01,Sabah,Tuaran,5388,4277,3185,0.342,23.7
2022-01-01,Sabah,Penampang,7491,6265,4194,0.33,6.7
2024-01-01,Sabah,Penampang,7550,6090,4234,0.348,5.7
2022-01-01,Sabah,Papar,5980,4871,3494,0.341,16.2
2024-01-01,Sabah,Papar,6038,5177,3613,0.313,12.0
2022-01-01,Sabah,Kudat,4049,2994,3080,0.369,34.7
2024-01-01,Sabah,Kudat,4571,3249,3206,0.385,35.3
2022-01-01,Sabah,Kota Marudu,4031,2677,2951,0.419,49.9
2024-01-01,Sabah,Kota Marudu,4685,2877,3466,0.421,40.0
2022-01-01,Sabah,Pitas,3406,2329,2562,0.386,52.7
2024-01-01,Sabah,Pitas,4121,2785,3472,0.411,50.0
2022-01-01,Sabah,Beaufort,4902,4018,3141,0.338,19.8
2024-01-01,Sabah,Beaufort,5048,4070,3545,0.373,20.4
2022-01-01,Sabah,Kuala Penyu,4311,3487,2777,0.324,17.6
2024-01-01,Sabah,Kuala Penyu,4750,3733,2826,0.375,14.3
2022-01-01,Sabah,Sipitang,5479,4182,3093,0.36,22.1
2024-01-01,Sabah,Sipitang,5548,4606,3341,0.306,15.3
2022-01-01,Sabah,Tenom,5217,4045,3267,0.336,15.8
2024-01-01,Sabah,Tenom,5410,4161,3504,0.336,12.1
2022-01-01,Sabah,Nabawan,5016,4110,3228,0.311,27.1
2024-01-01,Sabah,Nabawan,5146,4361,3553,0.314,25.4
2022-01-01,Sabah,Keningau,5979,4502,3478,0.36,18.8
2024-01-01,Sabah,Keningau,6033,4801,3542,0.322,12.8
2022-01-01,Sabah,Tambunan,5113,4055,3278,0.337,9.0
2024-01-01,Sabah,Tambunan,5361,4854,3508,0.3,8.3
2022-01-01,Sabah,Kunak,5838,4480,2755,0.352,25.4
2024-01-01,Sabah,Kunak,6608,4539,2797,0.484,29.2
2022-01-01,Sabah,Tongod,4019,2856,2445,0.347,50.8
2024-01-01,Sabah,Tongod,4090,3470,2465,0.344,41.5
2022-01-01,Sabah,Putatan,7110,5699,4047,0.351,12.9
2024-01-01,Sabah,Putatan,7377,6563,4188,0.289,6.9
2022-01-01,Sabah,Telupid,4819,3953,2538,0.321,20.8
2024-01-01,Sabah,Telupid,4877,4489,2659,0.267,22.0
2022-01-01,Sabah,Kalabakan,4938,3931,2019,0.368,33.3
2024-01-01,Sabah,Kalabakan,5174,3304,2257,0.447,26.8
2022-01-01,Sarawak,Kuching,7588,5968,4687,0.376,9.1
2024-01-01,Sarawak,Kuching,8237,6741,5184,0.349,7.7
2022-01-01,Sarawak,Bau,5621,4735,3581,0.36,8.3
2024-01-01,Sarawak,Bau,5843,4885,3965,0.327,6.2
2022-01-01,Sarawak,Lundu,4935,3692,3161,0.352,13.1
2024-01-01,Sarawak,Lundu,5170,3918,3370,0.345,12.9
2022-01-01,Sarawak,Samarahan,7123,5953,4475,0.324,7.9
2024-01-01,Sarawak,Samarahan,7965,6785,4973,0.322,6.3
2022-01-01,Sarawak,Serian,4988,4074,3515,0.345,14.6
2024-01-01,Sarawak,Serian,5113,4082,3594,0.326,11.8
2022-01-01,Sarawak,Simunjan,3917,3196,2874,0.314,17.9
2024-01-01,Sarawak,Simunjan,4246,3365,3130,0.311,14.9
2022-01-01,Sarawak,Sri Aman,4881,3704,3071,0.395,8.9
2024-01-01,Sarawak,Sri Aman,5349,3967,3378,0.383,6.2
2022-01-01,Sarawak,Lubok Antu,4129,3548,3178,0.352,14.8
2022-01-01,Sarawak,Betong,4422,3685,2849,0.305,9.8
2024-01-01,Sarawak,Betong,4572,4074,2877,0.269,7.6
2022-01-01,Sarawak,Saratok,4621,3763,2974,0.29,7.4
2024-01-01,Sarawak,Saratok,4796,3418,3127,0.352,5.0
2022-01-01,Sarawak,Sarikei,5440,3528,3078,0.449,20.9
2024-01-01,Sarawak,Sarikei,5792,4675,3849,0.355,17.8
2022-01-01,Sarawak,Maradong,4117,3259,2674,0.362,19.5
2024-01-01,Sarawak,Maradong,4208,3472,2864,0.303,16.9
2022-01-01,Sarawak,Daro,4368,3373,2997,0.389,32.5
2024-01-01,Sarawak,Daro,4913,3806,3076,0.326,26.8
2022-01-01,Sarawak,Julau,3548,2652,2842,0.374,31.2
2024-01-01,Sarawak,Julau,4363,3264,3401,0.36,26.6
2022-01-01,Sarawak,Sibu,6645,5248,4366,0.374,10.2
2024-01-01,Sarawak,Sibu,6842,5737,4490,0.32,6.3
2022-01-01,Sarawak,Dalat,4841,4057,3044,0.315,11.1
2024-01-01,Sarawak,Dalat,5416,4614,3079,0.355,10.1
2022-01-01,Sarawak,Mukah,5962,4623,3615,0.386,14.0
2024-01-01,Sarawak,Mukah,6373,5169,3650,0.34,11.9
2022-01-01,Sarawak,Kanowit,3711,2648,2940,0.386,24.9
2024-01-01,Sarawak,Kanowit,4549,3511,3240,0.343,21.8
2022-01-01,Sarawak,Bintulu,9645,8567,4990,0.318,3.5
2024-01-01,Sarawak,Bintulu,10480,8317,5073,0.369,3.7
2022-01-01,Sarawak,Tatau,5617,4787,3066,0.303,5.9
2024-01-01,Sarawak,Tatau,5807,4409,3071,0.308,2.6
2022-01-01,Sarawak,Kapit,4053,2902,3315,0.366,20.6
2024-01-01,Sarawak,Kapit,4326,3259,3683,0.346,15.5
2022-01-01,Sarawak,Song,3477,2926,2841,0.322,15.8
2024-01-01,Sarawak,Song,4077,3052,2939,0.344,11.3
2022-01-01,Sarawak,Belaga,4239,3587,2224,0.33,19.5
2024-01-01,Sarawak,Belaga,4903,3977,2757,0.313,13.6
2022-01-01,Sarawak,Miri,7932,6449,4333,0.342,6.3
2024-01-01,Sarawak,Miri,8166,6600,4609,0.307,3.8
2022-01-01,Sarawak,Marudi,5373,4234,2557,0.361,12.9
2024-01-01,Sarawak,Marudi,5430,4519,2705,0.309,4.4
2022-01-01,Sarawak,Limbang,5148,4023,3184,0.351,14.6
2024-01-01,Sarawak,Limbang,5202,4060,3457,0.385,14.4
2022-01-01,Sarawak,Lawas,4476,3183,2934,0.406,18.1
2024-01-01,Sarawak,Lawas,5050,3929,3241,0.35,14.6
2022-01-01,Sarawak,Matu,4362,3354,2811,0.369,20.8
2024-01-01,Sarawak,Matu,4417,3891,2992,0.308,9.1
2022-01-01,Sarawak,Asajaya,4557,3929,3039,0.301,17.9
2024-01-01,Sarawak,Asajaya,5165,4447,3598,0.326,14.0
2022-01-01,Sarawak,Pakan,3936,3546,3076,0.312,17.6
2024-01-01,Sarawak,Pakan,4473,3742,3444,0.306,14.5
2022-01-01,Sarawak,Selangau,4128,3005,2798,0.393,19.6
2024-01-01,Sarawak,Selangau,4688,4170,2947,0.291,17.2
2022-01-01,Sarawak,Tebedu,3218,2579,2397,0.312,26.9
2024-01-01,Sarawak,Tebedu,3375,3024,2639,0.249,25.8
2022-01-01,Sarawak,Pusa,3395,3124,2389,0.225,17.2
2024-01-01,Sarawak,Pusa,4155,3276,2736,0.339,14.6
2022-01-01,Sarawak,Kabong,4002,3500,3215,0.314,8.6
2024-01-01,Sarawak,Kabong,4136,3407,3225,0.289,4.5
2022-01-01,Sarawak,Tanjung Manis,4017,3300,2899,0.334,20.7
2024-01-01,Sarawak,Tanjung Manis,4457,3837,2902,0.303,15.4
2022-01-01,Sarawak,Sebauh,5120,4428,2660,0.303,4.8
2024-01-01,Sarawak,Sebauh,5726,4636,3311,0.295,2.9
2022-01-01,Sarawak,Bukit Mabong,3509,2948,2853,0.297,8.2
2024-01-01,Sarawak,Bukit Mabong,3783,2589,3363,0.333,6.3
2022-01-01,Sarawak,Subis,6390,5194,2756,0.341,4.7
2024-01-01,Sarawak,Subis,6475,5531,3967,0.274,2.4
2022-01-01,Sarawak,Beluru,4873,4164,2386,0.302,13.7
2024-01-01,Sarawak,Beluru,4927,4346,2844,0.238,10.1
2022-01-01,Sarawak,Telang Usan,4692,3870,2578,0.311,6.0
2024-01-01,Sarawak,Telang Usan,4795,4281,2824,0.229,1.3
2022-01-01,W.P. Kuala Lumpur,W.P. Kuala Lumpur,13325,10234,7823,0.38,1.4
2022-01-01,W.P. Labuan,W.P. Labuan,8250,6904,4176,0.3,2.5
2022-01-01,W.P. Putrajaya,W.P. Putrajaya,13473,10056,8897,0.368,0.1
2024-01-01,Pulau Pinang,S.P.Tengah,8413,6892,5419,0.346,2.8
2024-01-01,Pulau Pinang,S.P.Utara,8101,6810,5232,0.343,3.9
2024-01-01,Pulau Pinang,S.P. Selatan,8234,6822,5391,0.352,3.0
2024-01-01,Perak,Larut & Matang,6024,4843,4174,0.335,9.0
2024-01-01,Terengganu,Hulu,6360,6134,4554,0.255,6.6
2024-01-01,Sabah,Membakut,4997,4037,3075,0.357,27.4
2024-01-01,Sarawak,Lubok antu,4820,4169,3564,0.311,13.0
2024-01-01,Sarawak,Gedong,5013,3329,2950,0.392,16.7
2024-01-01,Sarawak,Sebuyau,3603,2717,2462,0.31,21.4
2024-01-01,Sarawak,Siburan,6368,5217,4088,0.335,4.2
2024-01-01,Sarawak,Pantu,2988,2525,2371,0.222,10.9
2024-01-01,Sarawak,Lingga,3663,2999,2412,0.27,6.3
