canonical_name,town,lat,lon
Beaufort,Beaufort,5.347,115.745
Beluran,Beluran,5.894,117.556
Keningau,Keningau,5.338,116.159
Kinabatangan,Kinabatangan (Kota Kinabatangan),5.580,117.845
Kota Belud,Kota Belud,6.351,116.431
Kota Kinabalu,Kota Kinabalu,5.980,116.073
Kota Marudu,Kota Marudu,6.497,116.758
Kuala Penyu,Kuala Penyu,5.573,115.596
Kudat,Kudat,6.884,116.846
Kunak,Kunak,4.686,118.252
Lahad Datu,Lahad Datu,5.030,118.340
Nabawan,Nabawan,5.050,116.442
Papar,Papar,5.735,115.931
Penampang,Donggongon,5.915,116.112
Pitas,Pitas,6.716,117.059
Putatan,Putatan,5.888,116.051
Ranau,Ranau,5.954,116.664
Sandakan,Sandakan,5.840,118.117
Semporna,Semporna,4.479,118.611
Sipitang,Sipitang,5.085,115.547
Tambunan,Tambunan,5.666,116.366
Tawau,Tawau,4.244,117.891
Tenom,Tenom,5.122,115.950
Tongod,Tongod,5.216,116.966
Tuaran,Tuaran,6.177,116.233
